toAddress,counter
0x72195acaa45dfced16f6b4b0a1964695dca95d3a,57
0x2e26a663e19da9d31c1369a29bf32af1cd4fa632,55
0x6c4f0dc727086079d053f07a5e19d866d0a176d6,48
0xfd78ac010a15d03ad30db4e643e1b6a814061739,47
0x49381bf631f485d86444be996997709dcc1ea1d7,45
0xcf18969f72f9a9f9a01e92b4442e2830621af79f,38
0xec743fb344af262592b8db88491cdddc59942037,38
0x7271ab177df5f2ddac9f4a2b63293f092296c766,35
0x9e9df64a1f48c67ab3266382c57fb666f017a233,34
0x842929886e809b1e3f073495cee8a042f5f588a4,32
0x444cdc3618d494167f9785929e793cf1a56b52c7,32
0x3c151a8d604de4735f47209f48254c2e28226ef8,31
0xa0166a3eee05b9f6d18f7e2d450b2ab4e5347130,30
0xd9f88565d97cde094b1de8ac5ef86e706bdef765,29
0x4b30ca3e01dc2cbad2a3f0b2099676e91d9dcd4c,29
0xd083f045fc8c603f6b5b1e6e54a0987699d993e0,26
0x99f7bffa829d36e9fc5ce0438a31d28b8f719fc7,26
0x316effde15e259d0ee74d20bfe09fb23fe897b76,25
0x9d34770f25e7748169139f397709959752bb3917,25
0x8fb9470eee7f47eec18b67da6ef02704f6208f62,25
0xe0a971b0f748530c21cd0fb803c233e1df1250b6,25
0x75720f62a923942adaa36037b57e3a3d38ccb7fb,25
0x4a60e49440ef2bb1c507c50eec787d4e9e56491d,25
0xc7b9ed922345249992ef56de0dca86b79432f38b,25
0xf633188b6eb36e51445398b689574f42daea3479,25
0xe67e11188fd32546a304f0d8d4940f212e208770,25
0x755c9856137f855c822a836c55a7c494a42eed24,25
0x884fd1098684fca7454a3b1e58c728f3db49d30d,25
0xd82f23abd6bbb7a6d9987fb4fbcaf58b1f681cf0,25
0xeffb524bab08aab72fae94ef9e9d091158c6adcb,25
0x6b966c8aadfa6448f63e742aa5c34a378d313b1f,25
0x0d8f2f68d67f823d98006355611503bc80fcf352,25
0xf33d58dc8b05426ff5e8b536a4bbf931303b9f6a,23
0xe14e1635aaa6207648e14a07b8d485934cec4fe7,23
0xb2e7c80097a283a3e8a9944c53c5d15e21f857b6,23
0x22037f59af439869c11f588f940bcf7e8a8ad9c2,22
0xb6b481ad624641fdae31cb2a632814fd185a70ac,22
0x4e9987417dfbd0c3aee608fbf2a68256f6c4f61b,22
0x1b3f251180d9a97487da620479e9f170d15aff65,22
0xd88a047f28e947c97ff50576ae6b471823e7e389,22
0x2aadd57e4a238f077e64d3971b4a37721e472af2,22
0x9d96173abe55e2b68f0087f9f758b449879328e2,22
0x901919e1bee63de9890a763945846dbfe854e5bb,21
0xc6c7e66e6f0d3faedf01efc40cefe033b179a8e9,20
0x6a0dd02d478927c50da4ee01cce50ea98afd21b9,20
0xfd1ee0974e9b93df8a47de23feffa701aae4f09e,20
0x0b01f1310e7224dafed24c3b62d53cec37d9faf8,20
0x3027e3d40c181c632c16eed20cd4639ed3552716,20
0x9fae763a77ff9368bff8e73f8eb858041b3c25bb,20
0x61416785b858d26a3226a216f184447cf386ea14,20
0xb124634477229b55bbdca17477a10e2b0d9e6640,20
0xf1db532eb3e428fcaba739eefe1cf2c3f433adab,20
0x09630955a451c904131db46997ace454ae9ac951,20
0xfbf5aff8902aab183584bf71f4d1d6bb0fbbd862,20
0xbeebb9c6482728b7be66123efcf95e11bc239496,20
0x04d5b73c09ac1cda40bde35920222eea53b7655e,20
0x1394bae88512b0f054b13d9148ff3a96e769ca03,20
0x3c3e01824530c1c55a26f923c6ca00b3ed8563ec,19
0xb8e12c1b75534ec26367b0dd172f4f80b0f19415,19
0x2b56ebbdb7220c2afac2de6aacddd1d368f2fce6,19
0x8fd6869817f445bf0e3bc0fdf504466618d559ef,18
0xdb6debddf8c9a22796560fced417ff4404efc14c,18
0x8108597cbd6cfb01346694707dae3883089df5d4,18
0x7c0ae41ab21548d6d011d69036a82777d099eda3,18
0xd411562f12c5478a94e480497d7f4ff4207c2d68,17
0xca19f7d0c3e055c6431977f32c15333757e27d2d,17
0x853a6fb22eeda82e4d5c80e80193b958b226cdc5,17
0x59fbe4d7352a7f61e94a056745909a6d9895e312,16
0x5ecde45fbaadb05c894281dfd89afaa355fbd2ee,16
0x518af28f4ab221064d430865c03f496467140b36,16
0x54166423f42481094e151c31ef1f251339b7428f,16
0x1d38be10fa0cd28340dbd2d13227a6a26fe90764,16
0x887bfaa6f85f38e86aba4da7d15c664bb65ce3e1,16
0x824f0c2f553a8130991b432af611039d0d7581ad,16
0xf77872a300007338c7bed94b53096cf1d385767d,16
0xe1fde39ea8d4b4fc75057cef03e7d50ac4b0b658,16
0xcc57cf072c0c49fe5125d7b2890c27af2f168ee9,16
0xbbad855e14882ba8f54fb6ee61afa679fffff9fc,15
0x1c4d724e1f91ac7753511b4f3fe2e37cf2ae14c5,15
0xd3fc4c562b9b8f61dc93092b387020b4518aeb38,15
0xb834645d4b527afe260479329520f2ccea038b47,15
0xcb6f46c187f4a53c143c95af38963bb0f4427104,15
0x8cfc12a2737834702694ff3180e592bab755bd3b,15
0x579658137db91090a6c65892ea5d4d89f2568d10,15
0x39b17d13b9094d9e211f5726ab5af753cc408774,15
0xa17aae954df9341d782b7b446ce44e96771c98e6,15
0x4600d3ddb63126b2d269fd28238e09d9ce093083,15
0x3c5eed04d518a776db66beeb53c56299af31b8c3,15
0x4ff0080ecac8db9992737d5f9dd124322b7c6032,15
0x36687e00874043a09e459fba6ae47562b5df1617,15
0x788fb9b1a10b5772afc29876caec6086bca25122,15
0x50f9411d2b470015bae843b8f8c6b2f8df856744,15
0x21afd72630956ebfb3b325be60a86b38604a1e4a,15
0x659a488c24228047095a1bfc03e7e6d2a3cdd38d,15
0x355cfc685c1b47921d08b9648f1a3f568a11fe8b,15
0x8fd8cfdb17907e93d965f1b62f64eb0e02cd3d24,15
0xb9008e47ab03397982df8b9a97a772cea3eca313,15
0x0a1d3361b7f176235375b450a248f3e5fa2509d9,15
0x7a7dfbc735fd2680dbea046c83c925e089577d60,15
0xc4d15e74accb1d5fa31f899fa201fa761930e410,15
